,country_id,country,year,ISO_code,economic_freedom,rank,quartile,government_consumption,transfers,gov_enterprises,top_marg_tax_rate,size_government,judicial_independence,impartial_courts,protection_property_rights,military_interference,integrity_legal_system,legal_enforcement_contracts,restrictions_sale_real_property,reliability_police,business_costs_crime,gender_adjustment,property_rights,money_growth,std_inflation,inflation,freedom_own_foreign_currency,sound_money,tariffs,regulatory_trade_barriers,black_market,control_movement_capital_ppl,trade,credit_market_reg,labor_market_reg,business_reg,regulation
0,2,Albania,2015,ALB,7.53,34.0,1.0,8.185294118,7.509902296,8.0,8.0,7.9237991029999995,2.7460468989999995,2.97014404,4.228486942,8.333333332999999,4.166666667,4.387444055,6.386673238999999,6.719298362999999,6.278342661,0.9487179490000001,5.003488819,9.292549966000001,9.427512887999999,9.622438094,10.0,9.585625237,8.872444444,7.4221751860000005,10.0,6.155187344,8.112451744,7.542999999999999,6.830576453,6.733388164,7.035654872
1,3,Algeria,2015,DZA,4.83,156.0,4.0,1.611764706,7.817129014,0.0,4.5,3.48222343,4.072191392,4.156907806,4.388349541,4.166666667,5.0,4.507538039,6.626692153,6.08695666,5.999988957999999,0.8205128209999999,4.551817203,7.025469628,6.342685256,9.043004607,5.0,6.852789873,6.836266667,2.1436945080000003,5.563909774,1.4898568980000002,4.0084319619999995,5.190333333,4.941934815,5.662040431,5.2647695269999994
2,6,Angola,2015,AGO,5.44,148.0,4.0,6.235294118,8.886739306,0.0,9.5,6.155508356,1.843129164,1.974565724,2.5123641869999997,3.333333333,4.166666667,2.302200397,5.423011165,3.0161039869999997,4.291196631,0.846153846,2.960263718,9.052059273,5.545665112999999,7.944134656,5.0,6.88546476,6.9648,1.566369167,10.0,2.044822683,5.143997963,8.731571831,4.560324821,4.904853431,6.065583361
3,9,Argentina,2015,ARG,4.98,153.0,4.0,5.285294118,6.048930423,6.0,4.0,5.333556135,3.030578338,2.8947949410000002,3.655030465,7.5,3.333333333,4.123465983,6.857195103,3.2801417510000004,4.1527913530000005,0.7692307690000001,3.81636162,5.179317925,5.918005001,4.724,10.0,6.455330731,5.8207111110000005,4.59670072,0.0,4.505738092,3.730787481,6.7620000000000005,4.9658975210000005,4.920120936,5.549339485
4,10,Armenia,2015,ARM,7.59,29.0,1.0,7.5352941179999995,7.748532262,8.0,5.0,7.070956595,3.604283587,4.040783122,5.482346623,5.833333333,5.0,5.196692523,9.80196309,5.675675869,7.365155344,1.0,5.777803721000001,9.53589504,9.134324075,9.254682793999999,10.0,9.481225477999999,8.760977777999999,7.303879447000001,10.0,6.905620723999999,8.242619487,8.995666667,6.32367193,6.775412079,7.364916892
5,12,Australia,2015,AUS,8.0,8.0,1.0,4.708823529,6.664947872000001,10.0,5.0,6.59344285,8.729690834,5.94367355,8.090725441,10.0,9.166666667000001,6.163151928,8.205654997,8.764045238,6.889687177999999,1.0,7.994810648,8.823098382000001,8.919129002,9.698326656,10.0,9.36013851,9.024444444,7.462165481,10.0,3.916359833,7.60074244,9.583666667000001,7.657235129,8.128532984,8.45647826
6,13,Austria,2015,AUT,7.64,27.0,1.0,3.6941176469999997,3.10106205,10.0,3.5,5.0737949239999995,7.290996561,6.187249637000001,8.194186048999999,10.0,10.0,6.220992578,8.10049394,8.634920915,7.511032535,1.0,8.015541357,8.759314604,9.886400242999999,9.820686767,10.0,9.616600404,8.360586579,8.181185675,10.0,5.946016104,8.12194709,9.126666667,5.552088659,7.485377572999999,7.388044299
7,14,Azerbaijan,2015,AZE,6.38,115.0,3.0,6.379411765,7.881207817000001,0.0,6.5,5.190154896,4.435002936,5.0218711560000004,5.404651509,5.0,5.833333333,7.252962407999999,9.773614234,5.454725663,7.579224851,0.7179487179999999,5.321383003,9.700889862999999,5.364751543,9.165606855,5.0,7.307812065,7.896044444,6.613404012999999,10.0,3.902949237,7.103099424,7.572666667000001,6.396694666,6.96178148,6.977047604
8,15,Bahamas,2015,BHS,7.35,50.0,2.0,7.167647059,9.040503457,7.0,10.0,8.302037628999999,,6.6,,10.0,7.5,4.699256582,6.149350211000001,,,0.9459459459999999,6.80080997,8.685871083,8.805351203999999,9.626,0.0,6.779305572,3.376933333,8.105924622,10.0,5.384615385,6.716868335,8.622733198999999,8.361606213,7.523034376,8.169124596
9,16,Bahrain,2015,BHR,7.37,48.0,2.0,3.487887387,9.581704339,4.0,10.0,6.767397932000001,6.822563237000001,6.23140069,7.435712795,5.0,7.5,4.785814418,8.855314534,7.764705817,7.287250156,0.5365853660000001,5.2656016039999995,9.961595769,7.133846847999999,9.632801261000001,10.0,9.182060969,8.610933333,6.295594508,10.0,4.794819166,7.425336752000001,8.425,8.217012812,8.060501012000001,8.234171275
10,17,Bangladesh,2015,BGD,6.33,117.0,3.0,9.723529412000001,9.724590355,7.0,9.0,8.862029942000001,3.175273527,3.0430307830000003,4.73456947,4.166666667,3.333333333,0.941148344,3.087607391,3.477366368,4.298547449,0.794871795,3.01713395,9.826859697,9.529689589,8.761143954,0.0,7.02942331,6.636755556000001,3.035673925,10.0,4.291019623,5.9908622760000005,7.877333332999999,7.261758671,5.046516275,6.728536093
11,18,Barbados,2015,BRD,6.5,107.0,3.0,7.647058824,5.968941943,6.0,6.0,6.404000192000001,6.43016363,4.110034171000001,6.498498057000001,9.8,,3.8030033289999996,6.174797133999999,7.495681957,4.895975012,0.871794872,5.756723061000001,7.851123006,9.273955245,9.787756706,0.0,6.728208738999999,7.282577777999999,5.661880367,10.0,5.415144845,7.089900747000001,6.286333332999999,7.139466704,6.1632737760000005,6.529691271
12,19,Belarus,2015,BLR,,,,,,,,,,,,,,,,,,,,,,,,,,,,,,,,,
13,20,Belgium,2015,BEL,7.43,43.0,2.0,2.405882353,2.010415679,10.0,1.0,3.854074508,7.88354695,5.901105294,7.886131474,10.0,8.333333332999999,5.5650377529999995,4.767009987,8.133333524,6.821897258,1.0,7.254599507999999,8.997155302000001,9.771930225,9.887881204,10.0,9.664241683,8.360586579,8.29003763,10.0,6.389735551,8.26008994,9.605,7.239068985,7.450335117000001,8.098134701000001
14,21,Belize,2015,BLZ,6.81,85.0,3.0,6.570588235,8.431259972000001,4.0,9.0,7.0004620520000005,8.027163908,4.3,7.385106292000001,6.4,,3.329065561,7.288231811,3.3289999999999997,4.767009987,0.837837838,5.148883908999999,8.223353187999999,9.53561198,9.82294369,0.0,6.895477214,6.7444,6.87319263,10.0,4.709434454,7.081756771,9.947941842999999,7.018916776,6.733783599,7.900214073
15,22,Benin,2015,BEN,5.78,134.0,4.0,5.917647059,9.771474636,4.0,3.5,5.797280423999999,3.934192598,3.905482113,4.738601724,6.3,,1.068746974,3.951912272,5.126262506000001,5.51865677,0.658536585,3.580765453,8.960045627000001,8.843996413,9.935920256000001,0.0,6.9349905739999995,6.807733333,4.410590991,10.0,2.481356924,5.924920312,8.425,5.732431221000001,5.871925967,6.676452396
16,24,Bhutan,2015,BTN,7.11,70.0,2.0,4.747058824,9.899419951,8.0,8.5,7.786619694,6.362658389,5.66813362,6.230340745,9.2,,7.365354835,6.901202527000001,7.581121127,7.763226348,0.923076923,6.859619903,9.909581959,9.109634236,9.095658291,0.0,7.028718621,6.518444444,7.246264197,10.0,1.304097192,6.267201458,7.6370000000000005,8.689332202000001,6.5652318979999995,7.630521367
17,27,Bosnia and Herzegovina,2015,BIH,6.63,96.0,3.0,5.488235294,5.352167397,4.0,6.5,5.335100673,3.182647375,2.765796522,3.5687556839999997,5.1,,3.79305681,7.837119866,4.924924771000001,5.064245907,0.871794872,4.23921142,9.341706259,9.678614879,9.83,5.0,8.462580284,8.572000000000001,7.261743696,10.0,5.276531358,7.777568764,9.543333333,7.130142247999999,5.264323963,7.312599848
18,28,Botswana,2015,BWA,7.35,50.0,2.0,3.429411765,7.164032698,4.0,9.0,5.898361116,6.106442475,5.880076104,6.712916092,8.333333332999999,5.833333333,3.3360712510000003,8.09678184,6.403508981,5.501300864,0.974358974,6.164800355,8.06421763,8.887385147,9.387928592,10.0,9.084882842,5.9237333329999995,7.612207928999999,10.0,7.351869362,7.721952656,9.193999999999999,7.519522367,6.92470059,7.879407652
19,29,Brazil,2015,BRA,5.75,140.0,4.0,4.823529412,5.786374387,4.0,6.0,5.15247595,4.61221637,2.901949104,5.215888328,6.666666667,3.333333333,3.742242077,8.387559107000001,4.037940502,2.766374195,0.923076923,4.45130018,9.059565855,9.609112844,8.194552045,5.0,7.965807686000001,7.221777778,5.142934516,10.0,5.240169707,6.9012205,5.234333333,4.175877433999999,3.4810979439999996,4.297102904
20,31,Brunei Darussalam,2015,BRN,6.77,88.0,3.0,0.0,,,10.0,5.0,5.098039309,3.4917328760000004,5.450450579,8.333333332999999,8.333333332999999,4.1711035260000004,4.802773258,6.147185961,6.712962786,0.794871795,5.239122575,9.68667102,4.418614195,9.91522,10.0,8.505126304,9.244,3.580227602,10.0,5.127264468,6.987873017999999,8.302,8.694083757000001,7.4252369279999995,8.140440228
21,32,Bulgaria,2015,BGR,7.4,46.0,2.0,5.732352941,5.846511721000001,8.0,8.5,7.019716166,3.3706517989999996,3.612746527,4.47645594,8.333333332999999,5.0,4.767973315,8.838845799,4.2105261480000005,4.999986712,0.846153846,4.883130213,8.304471673,9.13676476,9.979025533,10.0,9.355065492,8.360586579,7.621462642999999,10.0,6.55229601,8.133586308,9.593333333,7.044541271,6.113452746,7.583775782999999
22,33,Burkina Faso,2015,BFA,6.03,127.0,4.0,3.75,10.0,2.0,6.5,5.5625,1.853980189,3.594626659,4.163926422,3.333333333,5.0,2.139195153,4.7563451169999995,5.077216989,4.677293378,0.871794872,3.5975811380000002,8.994412679,9.032752909,9.809001337,0.0,6.959041731,7.396622222,4.538208791000001,10.0,4.510638729,6.611367436,9.342313616,7.158336143,5.748128427999999,7.416259395
23,34,Burundi,2015,BDI,5.87,131.0,4.0,5.970588235,10.0,2.0,6.5,6.117647058999999,1.208295064,3.1004126339999996,2.9342568030000002,1.7,,2.65461566,8.513441578,2.003361677,3.888661056,0.9024390240000001,3.09182541,8.868192914,8.355545588,8.889159166,5.0,7.778224417000001,6.897955556,2.540152439,10.0,4.979361279,6.1043673179999995,5.0,7.890803447000001,5.889087565,6.259963671
24,36,Cambodia,2015,KHM,7.2,64.0,2.0,9.832352941,9.712056102,2.0,10.0,7.8861022610000004,2.9685109069999998,3.01074111,4.735173552,6.0,,1.824541681,7.52818438,3.3597882589999997,5.41300942,1.0,4.354993663999999,7.769421997999999,9.656484459,9.755745988,10.0,9.295413111,7.446933333,4.670165506,10.0,7.125336174,7.3106087529999995,10.0,6.54007023,4.931165098,7.157078443
25,37,Cameroon,2015,CMR,5.79,133.0,4.0,7.4117647060000005,9.567100156,8.0,4.5,7.369716215,3.363429612,4.226160245,5.131341755,5.0,3.333333333,2.168525641,3.3746655760000004,5.561403433,4.8249238210000005,0.585365854,3.257379298,9.351748714,9.570885342999999,9.462803446,0.0,7.0963593760000006,5.4957333329999996,1.958209044,10.0,2.392876223,4.96170465,6.804666667,7.303590737,4.731482789,6.279913398
26,38,Canada,2015,CAN,7.91,12.0,1.0,3.847058824,7.172715823,8.0,4.0,5.7549436620000005,8.543687478999999,6.508702596,8.171232886,10.0,9.166666667000001,3.645024073,8.669157746,8.778626124,7.173023481,1.0,7.8506801170000005,9.099447051,9.45564392,9.774951728,10.0,9.582510675,6.943111111,7.8209064889999995,10.0,6.73102881,7.873761602999999,9.725333333,8.141954878,7.636812402,8.501366871
27,41,Chad,2015,TCD,5.23,152.0,4.0,9.835294118,9.918256131,7.0,1.0,6.938387562000001,2.0042480190000003,3.094967001,3.3447307810000004,3.7,,2.223210769,4.9609297130000005,3.120915095,3.328550849,0.7179487179999999,2.76778205,8.855373236,7.286450433,9.267999999999999,0.0,6.352455917,6.3126,2.105721637,10.0,2.202487222,5.155202215,5.858333332999999,5.361164672,3.623745933,4.947747979
28,43,Chile,2015,CHL,7.79,14.0,1.0,6.705882353,7.891641773,10.0,7.0,7.899381032000001,6.382704822999999,4.788119457,7.124244061000001,7.5,7.5,5.109379145,9.066918247,8.189508915,5.367161414,0.9024390240000001,6.450117633,8.745285856,9.365169916000001,9.130226543,10.0,9.310170579,9.468444444,6.867622073,10.0,6.517620549,8.213421767,8.950666667,5.161183974,7.1666233539999995,7.092824665
29,46,China,2015,CHN,6.39,113.0,3.0,3.947058824,8.294277929,2.0,6.0,5.060334188,5.269586555,4.969095778,5.868727647,5.0,5.833333333,6.067809479,8.513846662,6.153484186,6.494319145,0.871794872,5.633083765,9.668458526,8.744705137999999,9.711488923,5.0,8.281163147000001,8.105822222,6.063676732999999,10.0,2.36096784,6.632616699,7.134666667,5.599601732999999,6.251617167000001,6.328628522000001
30,47,Colombia,2015,COL,6.55,103.0,3.0,5.038235294,7.840214037000001,10.0,4.5,6.844612333,3.21225645,3.178814113,5.182705161,3.333333333,3.333333333,2.217134643,9.040189726,3.985042572,2.9997910930000002,0.871794872,3.793774688,8.957453776,9.148102487000001,8.998993869,5.0,8.026137533,8.027866667,4.421660021,9.53442623,5.675940611000001,6.914973382,8.806333333,5.9803830829999995,6.724540683,7.170419033
31,51,Costa Rica,2015,CRI,7.51,36.0,1.0,5.3911764710000005,8.50132522,10.0,6.5,7.598125423,6.962389601,4.298527453,6.008954561,10.0,5.0,3.523501568,8.523296281,5.790598392000001,5.369773557,0.871794872,5.76898009,9.410246699,9.786615516,9.840663004,10.0,9.759381305,8.001155556,6.07009314,10.0,7.896979841,7.9920571339999995,6.709333332999999,6.194095396,6.395913008,6.4331139120000005
32,52,Croatia,2015,HRV,7.04,73.0,2.0,4.438235294,4.297314868,8.0,2.0,4.68388754,3.5413699289999996,2.13799665,4.681171465,8.333333332999999,7.5,5.139086793,7.184691089,6.448412736,7.628286005,0.9487179490000001,5.693974997000001,7.628320518,9.591485047,9.907100199,10.0,9.281726441,8.629288889,8.332987579,10.0,5.749774894,8.17801284,9.406666667,6.4458253,6.199017948,7.350503305
33,54,Cyprus,2015,CYP,7.69,22.0,1.0,6.3382352939999995,6.235337445,10.0,6.5,7.268393185,6.100780952999999,3.776272009,5.443843233,8.333333332999999,8.333333332999999,4.003515462,6.411309995,5.755208333,7.20717173,0.897435897,5.836172166,9.747104112999999,9.417311242,9.580600462,10.0,9.686253954,8.360586579,7.746910291,10.0,6.771918264,8.219853784,9.455333332999999,6.047535689,6.813516302999999,7.438795108
34,58,Denmark,2015,DNK,7.75,16.0,1.0,1.402941176,4.53071545,8.0,2.5,4.1084141569999995,8.616286568,6.100836522000001,7.960530965,10.0,10.0,6.18505645,9.727176307999999,8.286163807000001,7.345798611,1.0,8.246872137,8.790115297,9.737814698,9.909593168999999,10.0,9.609380791,8.360586579,7.953199218,10.0,7.349012803,8.41569965,9.752666667,7.389169237000001,7.914660642,8.352165515
35,62,Ecuador,2015,ECU,6.09,124.0,4.0,6.211764706,9.591280654,2.0,5.5,5.82576134,1.531141114,2.479120419,4.382351031000001,2.5,4.166666667,4.380510817,8.591535377000001,4.855072498,4.551830227,0.871794872,3.8931490810000002,9.360712358999999,8.826497782999999,9.205956168,5.0,8.098291578,6.3057777779999995,4.214037466000001,10.0,5.608336293,6.532037884,8.503333332999999,5.052599545,4.70267146,6.0862014460000005
36,63,Egypt,2015,EGY,5.77,138.0,4.0,8.067647059,7.070287241,2.0,7.0,6.034483575,5.911318115,4.035330321,4.90322096,1.6666666669999999,5.0,3.4080551889999997,8.701690132000001,3.890328827,3.19538785,0.538461538,3.479657954,7.693458483,9.497748735,7.92850207,10.0,8.779927322,4.973333333,3.52780312,9.182630907,4.700580771,5.596087033,4.0,5.008250225,5.907023982999999,4.971758069
37,64,El Salvador,2015,SLV,7.14,69.0,2.0,8.338235294,9.472089148,8.0,8.0,8.452581111,3.738130076,2.7276321230000002,4.6816598119999995,4.166666667,2.5,3.833383955,8.165020936,2.118055423,1.32670406,1.0,3.6952503389999998,9.413547443999999,9.071876878,9.853873266,10.0,9.584824397,8.186666667,6.502024978,10.0,5.951699184,7.660097707,8.323666667000001,4.735400439,5.916627165,6.325231424
38,67,Estonia,2015,EST,7.93,10.0,1.0,3.511764706,6.061366018999999,7.0,7.0,5.8932826810000005,7.85616258,5.7163042939999995,7.572090529,8.333333332999999,6.666666667,5.930983003,9.504907725,8.449612458999999,7.556614777,1.0,7.509630596,8.506209755,9.542467824,9.908646669,10.0,9.489331062,8.904586579,8.252210387,10.0,6.997276302,8.538518317000001,10.0,6.294456744,8.293945499,8.196134081
39,68,Ethiopia,2015,ETH,5.55,147.0,4.0,8.382352941,9.105664995,4.0,5.0,6.622004484,4.749940391,4.724080214,5.046143248,1.6666666669999999,7.5,5.546758592000001,7.012101102999999,4.79919672,5.157668371000001,0.794871795,4.607092409,8.793816837,5.1972650510000005,7.973177071,0.0,5.49106474,5.232266667,3.0464791160000004,10.0,1.60826699,4.9717531930000005,5.358333333,7.2219861629999995,5.5476887370000005,6.042669411
40,71,Fiji,2015,FJI,6.82,84.0,3.0,4.297058824,9.462710641000001,6.0,5.0,6.189942366,,4.8,,7.9,,5.10906166,7.709818901,,,0.9189189190000001,6.121082837,6.990157126000001,8.659083566,9.725835345,0.0,6.343769009,5.161111111,6.42368605,10.0,5.0,6.64619929,9.635183017000001,9.009969773,7.817625832999999,8.820926208
41,72,Finland,2015,FIN,7.71,20.0,1.0,2.764705882,3.2454961680000003,8.0,2.5,4.127550513,9.571012013999999,7.922024996,9.117325408,10.0,10.0,6.654143475,8.080379451,9.645389716,8.943212886,1.0,8.881498661,8.740463109,9.717995338,9.958567126,10.0,9.604256393,8.599266667,8.233814764,10.0,6.127553211,8.24015866,9.411333333,5.181915002,8.431846023,7.675031453
42,73,France,2015,FRA,7.35,50.0,2.0,2.858823529,2.418467067,8.0,3.5,4.194322649,7.117322569,6.149563446,7.416049321,9.166666667000001,8.333333332999999,6.430501437999999,6.390856768,7.930402756,6.326594974,0.9487179490000001,7.065324981,9.245753597,9.825038153,9.992439252999999,10.0,9.765807751,8.599266667,7.68671339,10.0,6.706257957999999,8.248059503,9.430666667,5.704394879,7.347625446,7.4942289970000004
43,76,Gabon,2015,GAB,5.78,134.0,4.0,3.764705882,9.809264305,8.0,3.5,6.268492547,3.433124849,3.636299365,5.147555158,3.333333333,5.0,2.915889045,4.601910547,4.898989995,5.933838061,0.804878049,3.900636296,9.580032766,6.206199271,9.9404,0.0,6.4316580089999995,6.2829999999999995,3.698870375,10.0,2.785869131,5.6919348770000004,7.776,7.450682561,4.618013151,6.614898571
44,78,Georgia,2015,GEO,7.98,9.0,1.0,5.658823529,6.882547545,8.0,10.0,7.635342769,5.04900416,4.7441579560000005,6.29102223,5.3,,6.499992719,9.981100762999999,7.1851849560000005,7.494759352000001,1.0,6.568152767000001,8.306716038,8.455309155,9.199284359,10.0,8.990327387999999,9.309555556,8.025555423,10.0,7.321564251,8.664168807000001,9.821666667,6.450825927,7.854025162,8.042172585
45,79,Germany,2015,DEU,7.67,24.0,1.0,3.979411765,3.0646610830000003,10.0,5.0,5.511018212000001,7.6263329529999995,6.804542594,8.021471272000001,10.0,8.333333332999999,5.8289968210000005,6.814874361,7.238562107000001,6.3401892779999995,1.0,7.445366969,8.84914879,9.796551541,9.953114011,10.0,9.649703585,8.360586579,7.55607131,10.0,5.76568087,7.92058469,8.333333332999999,7.183723746,8.0220649,7.846373992999999
46,80,Ghana,2015,GHA,6.52,105.0,3.0,5.229411765,9.63760218,6.0,7.0,6.966753486,5.98678112,5.044727623,5.4453125,5.0,4.166666667,3.716264023,8.736181591,6.144781113,5.3405303360000005,0.975609756,5.44184396,6.792861611,9.104642943,6.57098526,5.0,6.8671224539999995,7.289555556,4.521190088,10.0,4.2468123360000005,6.514389495,7.385,6.639128645,6.404481817000001,6.809536821
47,82,Greece,2015,GRC,6.45,111.0,3.0,5.194117647,3.8560364810000003,4.0,2.5,3.8875385319999998,4.87567361,2.9686882000000003,5.100465783,8.333333332999999,7.5,4.125037966,8.044201311,6.213991642000001,6.6572962989999995,1.0,5.979854238,9.29755766,9.432885176000001,9.652819527,5.0,8.345815591000001,8.360586579,7.668826871,10.0,4.514682726,7.636024044,7.905,4.85299145,6.43609571,6.398029052999999
48,87,Guatemala,2015,GTM,7.69,22.0,1.0,8.567647059,9.878645922999999,10.0,9.5,9.486573245,3.8921353439999997,3.4001572660000003,5.54280065,6.666666667,5.0,3.389826813,8.330186722,2.886178891,2.297686775,0.9487179490000001,4.482661786,9.422506546000001,9.573758149,9.522255934,10.0,9.629630157000001,8.600088889,6.338129277999999,10.0,7.949160557000001,8.221844681,9.586333332999999,4.05529021,6.304723717000001,6.64878242
49,89,Guinea,2015,GIN,5.74,141.0,4.0,9.194117647,,6.0,4.0,6.398039216,1.7187369030000001,2.250727557,2.7079653180000003,0.833333333,4.166666667,5.386550715,6.374388033,3.394412048,4.3487105999999995,0.7179487179999999,2.9760112660000004,9.983002326,7.770724123,8.36962,5.0,7.780836612000001,7.4058,3.389766067,6.584022039,2.430524469,4.9525281439999995,10.0,4.791176846,5.0344135230000004,6.6085301229999995
50,88,Guinea-Bissau,2015,GNB,5.58,146.0,4.0,7.182352941,,0.0,8.5,5.22745098,,3.3,,3.333333333,4.166666667,3.480968692,7.228227082999999,,,0.794871795,3.8606248830000003,8.067517596,7.808698696,9.719078225,0.0,6.398823629,7.4534,5.621913234,10.0,1.158994874,6.058577027,8.503899046,3.462646795,7.03842483,6.334990222999999
51,90,Guyana,2015,GUY,6.52,105.0,3.0,6.617647058999999,,8.0,6.0,6.87254902,3.858248442,4.11958665,4.534600612,6.666666667,2.5,4.554788309,7.070485497000001,2.98569714,4.381482472,0.923076923,4.345251687,9.859327405,8.368376752,9.8086,5.0,8.259076039,6.4684,3.8383389560000003,10.0,5.344559395,6.412824587999999,6.333333333,7.88433426,5.973944889,6.730537494
52,91,Haiti,2015,HTI,6.54,104.0,3.0,8.752941176,9.916893733,4.0,8.0,7.6674587270000005,2.7520655019999998,2.436454485,2.6147594990000003,0.0,2.5,3.881900279,2.6990213389999997,3.3570617730000003,3.270367638,0.897435897,2.4784339859999998,8.444652431,9.407640542000001,8.196696237000001,5.0,7.762247303,8.3584,6.135182161,10.0,6.633879114,7.781865319,8.24,8.101145435,4.70326313,7.014802855
53,93,Honduras,2015,HND,7.35,50.0,2.0,7.138235293999999,10.0,10.0,9.0,9.034558824,3.9025592430000002,4.509699928,5.241755039,4.166666667,2.5,2.861203918,7.710562723,3.6545801460000003,2.816240922,0.923076923,3.991802199,9.234136196,8.828810779,9.368433764,10.0,9.357845185,8.408977777999999,5.3556275410000005,10.0,5.912875082,7.4193701,9.415333333,5.183167473999999,6.247832949,6.948777918999999
54,94,Hungary,2015,HUN,7.19,65.0,2.0,3.270588235,5.29140008,4.0,6.5,4.765497079,3.570654812,3.058389941,3.117309385,10.0,6.666666667,6.576328444,8.025707157000001,5.544871489,7.7858655610000005,1.0,6.038421495,8.262655762,9.718109707,9.985943505,10.0,9.491677243,8.360586579,7.319333723,10.0,5.955644098,7.908891099999999,9.725,7.18135995,6.26259925,7.7229864
55,95,Iceland,2015,ISL,7.25,59.0,2.0,2.3058823530000003,7.957880124,8.0,3.5,5.440940619,7.846820747000001,7.040047101,8.048759546,10.0,10.0,6.775094571,8.750492215,9.012345473,8.576845364,1.0,8.450045002000001,9.613030809,9.395090975,9.673743017,0.0,7.1704662,7.263999999999999,7.10995354,10.0,4.2193901,7.14833591,8.333333332999999,7.704275878,8.060434799,8.032681337
56,96,India,2015,IND,6.61,98.0,3.0,7.317647059,8.977771391000001,7.0,8.0,7.823854613,5.5144352539999995,5.857644216000001,4.902953005,6.666666667,7.5,2.5938544080000003,6.5844391579999995,6.226054033,5.601002391000001,0.783783784,5.09835622,9.77804308,8.796238408999999,8.825514681,5.0,8.099949042999999,6.2559111110000005,3.9158200389999998,10.0,2.0634457669999997,5.55879423,6.586,6.4615949079999995,6.339489213999999,6.462361373999999
57,97,Indonesia,2015,IDN,7.0,75.0,2.0,7.470588235,9.120230308,7.0,7.5,7.772704636,5.1219161269999995,4.893803499,5.59301049,4.166666667,4.166666667,1.9149788019999998,5.93207953,5.529411634,4.894431405,0.926829268,4.518732007,9.399968827,9.319185597999999,8.727375774,10.0,9.36163255,8.072311111,4.667601679,10.0,5.217813027,6.989431454,8.073666667000001,4.560802505,6.39502224,6.343163804
58,99,Iraq,2015,IRQ,,,,,,,,,,,,,,,,,,,,6.304900363,4.383300444,7.258840049,,,,,,,,,,,
59,100,Ireland,2015,IRL,8.25,5.0,1.0,3.823529412,7.013149827,10.0,4.5,6.33416981,8.985318448,6.328374219,8.649646971000001,10.0,10.0,3.931480739,8.582895926,8.513513406,6.992016662999999,1.0,7.998138486,8.966415517,9.232100002000001,9.941080196,10.0,9.534898929,8.360586579,8.234138709,10.0,8.457363652,8.763022235,9.142000000000001,8.132487257000001,8.578503721,8.617663659
60,102,Israel,2015,ISR,7.47,38.0,1.0,3.1882352939999996,6.733057856,10.0,5.0,6.230323287999999,8.520297029,5.723570607,7.300061197000001,4.166666667,8.333333332999999,3.462740316,5.740858493999999,6.798245907,6.595645262000001,0.9487179490000001,6.132119415,8.537725604,9.557762053,9.873375541,10.0,9.4922158,8.244666667,6.632352321,10.0,7.5723517529999995,8.112342685,9.571333333,5.383097931,7.198991962000001,7.384474409
61,103,Italy,2015,ITA,7.31,55.0,2.0,4.797058824,3.456202044,10.0,3.5,5.438315217,4.715953952,2.256357837,4.99201509,10.0,6.666666667,3.596415071,8.251282756,5.527777672000001,4.976763206,1.0,5.6648035839999995,9.140785299,9.830635893,9.99224265,10.0,9.740915961,8.360586579,8.073359609,10.0,6.593150379,8.256774142000001,9.535666667000001,6.766443797999999,6.105087922,7.469066129
62,104,Jamaica,2015,JAM,7.25,59.0,2.0,7.482352941,8.377776974,7.0,7.0,7.4650324789999996,6.474387651,4.049434865,6.180556832000001,10.0,4.166666667,3.548887988,6.438443599999999,4.6464645860000005,2.20179914,0.9459459459999999,5.157474738,5.879647956,9.595066177,9.264565789,10.0,8.68481998,5.772888889,6.178636216,10.0,6.206531234,7.039514085,9.56,7.85661196,6.316743077999999,7.911118346
63,105,Japan,2015,JPN,7.46,41.0,2.0,4.167647059,4.070482659,7.0,3.0,4.55953243,8.469138598999999,6.5652919810000006,8.619151206,8.333333332999999,8.333333332999999,6.329708857999999,7.847784736,8.545197646,7.193052227000001,0.9487179490000001,7.603896561,9.376703986,9.296115395,9.842723956,10.0,9.628885834,7.7102222220000005,7.055965835,10.0,4.951273303,7.42936534,8.310666667000001,8.150385958,7.762819437999999,8.074624021
64,106,Jordan,2015,JOR,7.47,38.0,1.0,6.226470588,7.7999661289999995,8.0,7.5,7.381609179,6.581923814,5.446774969,6.6662714460000005,7.5,6.666666667,3.376286714,6.644714877,8.316326141000001,6.435919584,0.487804878,4.763858993,9.464703037,9.342706219,9.825420481,10.0,9.658207434,7.051111111,6.154960702,10.0,7.3136654189999994,7.629934307999999,8.831666667,7.901246024,6.983113866,7.905342185
65,107,Kazakhstan,2015,KAZ,7.26,58.0,2.0,6.529411765,8.551374301000001,6.0,9.0,7.520196516,4.8968866360000005,4.810388355,5.60852918,8.333333332999999,5.833333333,6.339410345,9.900981545,5.134680271000001,7.017318521,0.7435897440000001,5.606111942,9.544034909,7.578801188,8.6708,10.0,8.948409024,7.190044444,5.278760163,10.0,3.060478068,6.382320668999999,8.598333333,7.528168394,7.3317393,7.819413676
66,108,Kenya,2015,KEN,7.11,70.0,2.0,7.264705882,9.814190784,6.0,8.0,7.769724167000001,5.07301886,4.7696622689999995,5.598135955,6.666666667,3.333333333,4.420377014,6.842007966000001,4.77477471,2.936187275,0.923076923,4.745102997,8.787496101,8.927727189,8.683517817,10.0,9.099685277,6.789288889,5.255272476,10.0,4.492008707,6.634142517999999,8.041333332999999,7.767618559,6.077231724,7.295394539
67,110,Kuwait,2015,KWT,6.59,101.0,3.0,0.944117647,6.896331062000001,7.0,10.0,6.210112177,6.2203394979999995,5.466284902999999,5.725799883,8.333333332999999,6.666666667,5.068858973999999,8.909581744,6.779661179,7.227682437,0.487179487,4.990165384,8.805697798999999,2.1714429269999997,9.345659504,10.0,7.580700058,8.858133333,4.014899115,10.0,4.170386445,6.760854723,10.0,6.685031445,5.481586613999999,7.388872686
68,113,Latvia,2015,LVA,7.72,18.0,1.0,5.052941176,7.0190547720000005,7.0,6.5,6.392998987,4.960635332,3.218312161,5.688981636,8.333333332999999,8.333333332999999,5.526466726000001,9.030740107,5.306513309,7.192019779,1.0,6.398926191,8.749972722999999,9.173240998999999,9.959677419,10.0,9.470722785,8.360586579,7.89522127,10.0,7.129942957000001,8.346437702000001,9.086666667000001,7.635974367999999,7.322167749,8.014936261
69,114,Lebanon,2015,LBN,7.01,74.0,2.0,8.005882352999999,8.126968409,10.0,9.0,8.78321269,3.395819421,3.363848095,5.486658792,3.333333333,6.666666667,3.1594255610000004,7.418029625,4.177489281000001,4.816033387,0.7435897440000001,4.050679036,9.861679815,9.164750234,9.2502216,10.0,9.569162912000001,7.9735111110000005,4.249367317,10.0,5.3487981630000005,6.892919148,5.0,7.120080418,5.090877407,5.7369859420000004
70,115,Lesotho,2015,LSO,6.49,109.0,3.0,2.452941176,8.893185363999999,0.0,8.0,4.836531635,5.886194856,4.287372905,5.362980615,6.0,,3.9279061619999998,6.491900642,7.825202942000001,8.954417483,0.8918918920000001,5.762699818,8.658780769,8.614766843,9.364909081,5.0,7.909614173,4.6906666669999995,7.003636386,10.0,4.168719618,6.465755668,9.666666667000001,6.636998437999999,6.076664925,7.46011001
71,116,Liberia,2015,LBR,6.87,80.0,3.0,8.820588235,8.644688792,,8.0,8.488425676,4.662218041,4.606316081,5.312304325,5.0,5.3,2.873356168,4.895187466,4.292929173,5.141498933,1.0,4.67597891,9.409295599,8.622528595,8.4436,10.0,9.118856048,7.138311111,2.230105627,10.0,5.0390138460000005,6.101857646,4.5,6.748390183,6.626897135,5.9584291060000005
72,117,Libya,2015,LBY,4.89,155.0,4.0,0.0,,,9.5,4.75,3.39827703,2.332075241,3.278082175,5.0,6.666666667,3.6239475469999998,,1.672883951,2.451828377,0.804878049,3.2063388919999998,7.466312202999999,0.9369859290000001,8.04,10.0,6.610824533,,4.882104635,7.372262774,2.036957142,4.76377485,6.666666667,5.755065999,2.95632253,5.1260183989999994
73,119,Lithuania,2015,LTU,7.86,13.0,1.0,5.3588235289999995,6.3655681479999995,10.0,7.0,7.181097919,5.231773216000001,3.9626389619999998,5.61966789,8.333333332999999,6.666666667,6.242192341,9.670883679,6.19834741,6.8784851620000005,1.0,6.533776518,8.696691673,9.115376816,9.824196094,10.0,9.409066146,8.3604,7.592621976,10.0,6.838297967999999,8.197829986,9.859,6.568843785,7.5793775729999995,8.002407118999999
74,120,Luxembourg,2015,LUX,7.64,27.0,1.0,1.3,3.87154227,7.0,4.5,4.167885568,8.642077767,7.361817211,8.872098907,10.0,10.0,7.456058655,6.17918671,8.735632102,7.958410118,1.0,8.356142386,8.551120607,9.36883145,9.905097241,10.0,9.456262323999999,8.3604,8.211964252000001,10.0,6.646774893,8.304784786,9.333333332999999,6.349719672000001,8.008284087,7.897112364
75,121,Madagascar,2015,MDG,6.31,119.0,3.0,8.235294117999999,9.907356948,6.0,8.5,8.160662766,2.567173847,2.7007879289999996,3.63276932,1.6666666669999999,4.166666667,2.958421922,5.085932868,3.191057046,4.404624398,0.707317073,2.881012258,9.12549847,9.547696209,8.519199594,5.0,8.048098568,6.850711111,4.293854106,10.0,5.291936294,6.609125378,7.507000000000001,4.491144748,5.625586625,5.874577124
76,122,Malawi,2015,MWI,5.76,139.0,4.0,7.35,9.382328203,2.0,6.0,6.183082051,5.232281087,3.6638670319999997,4.990943468,5.833333333,4.166666667,2.332018505,8.13714351,4.619882902,3.769035208,0.9459459459999999,4.621099644,7.616662024,6.492797502,5.750815532000001,5.0,6.215068765,7.051644444,5.3574731589999995,6.639712489,4.953091089,6.000480295,4.666666667,6.99351398,5.715386992000001,5.79185588
77,123,Malaysia,2015,MYS,7.15,67.0,2.0,6.020588235,8.171940514,4.0,9.0,6.798132187,6.013960322000001,6.6688721179999995,7.151716391,8.333333332999999,6.666666667,4.995259717,8.636691706,7.316666444,6.411666512,0.666666667,5.758780852999999,9.41748006,9.056212198999999,9.57912204,0.0,7.013203575,7.111066667,7.043382694,10.0,5.872094733,7.5066360229999995,9.639666667,8.046605947,8.273259651,8.653177422
78,125,Mali,2015,MLI,5.82,132.0,4.0,6.9117647060000005,9.847864404,0.0,3.0,4.939907278,4.4648647960000005,4.307449311,4.5728994169999995,4.166666667,5.0,2.632466106,5.573129513,4.298245509,4.337325096,0.658536585,3.626025957,9.215206628999999,9.033883681,9.712852832000001,0.0,6.990485785,7.409955556,4.855399243,10.0,5.004416567,6.817442842,9.006333332999999,5.037383606000001,6.098674367999999,6.7141304360000005
79,126,Malta,2015,MLT,7.72,18.0,1.0,3.9176470589999997,6.54294124,6.0,7.0,5.865147075,6.080435258,4.441153123,6.694605349,10.0,8.333333332999999,4.477411336,5.278909734,6.643835704,7.373858284,1.0,6.59150468,8.952889087,9.881797599999999,9.780013682,10.0,9.653675092,8.3604,7.9838016739999995,10.0,7.187842545,8.383011055,9.841666667,7.897261635,6.552776462000001,8.097234921
80,129,Mauritania,2015,MRT,5.7,143.0,4.0,3.497058824,,7.0,5.0,5.165686275,3.072877295,2.269607703,2.908518342,4.6,,6.2664968420000005,7.5618656710000005,1.8888890740000002,4.037850068,0.609756098,3.2804922710000004,9.283909104,6.7584270879999995,9.9032,5.0,7.736384048,7.3839999999999995,3.901979044,10.0,2.51928113,5.951315042999999,8.287333333,6.26033383,4.557632474,6.368433212
81,130,Mauritius,2015,MUS,8.02,6.0,1.0,6.864705882000001,8.361441248,6.0,9.0,7.556536782999999,6.650488408999999,5.882786724,6.594903877,8.8,,5.034199013,6.25107156,6.25,6.989476933,0.974358974,6.472556637,9.093630831,9.524126356,9.742690057999999,10.0,9.590111811,9.424444444,6.999823106,10.0,7.024819176,8.362271681000001,9.441666667,7.38409009,7.599243274,8.141666677
82,132,Mexico,2015,MEX,6.88,79.0,2.0,7.223529412,6.277929155,8.0,8.0,7.375364642,3.5035676939999996,3.2094478669999997,5.133174886,5.0,2.5,5.891853871,7.495043667999999,2.517006795,2.752370395,1.0,4.22249613,8.74873287,9.396310578,9.455871747,5.0,8.150228799,7.698977778,7.082718381,10.0,5.30855133,7.522561872000001,9.317,5.636287696,6.39898161,7.117423102
83,135,Mongolia,2015,MNG,7.38,47.0,2.0,6.282352941,7.628006602,10.0,9.0,8.227589886,3.6455955,3.9648980380000003,4.634621883,8.333333332999999,6.666666667,5.786717867999999,9.111264408,5.250000159,6.923933431,0.871794872,5.648352256,9.320234617,8.001602715,8.844810098,10.0,9.041661857000001,9.106666667,3.910738652,10.0,4.415490931,6.858224062000001,8.0895,6.928497019,6.413034671,7.14367723
84,136,Montenegro,2015,MNE,6.74,90.0,3.0,5.929411765,,2.0,7.0,4.976470588,4.25544511,4.013954759,4.814326993,6.7,,4.795719043,7.6769477770000005,4.5265150069999995,5.6392664560000005,0.8205128209999999,4.826882108,9.145718486,9.768398153,9.690261684,5.0,8.40109458,8.226666667,7.581753233,10.0,6.740881555,8.137325364,8.332666667,7.030732815,6.6762329760000005,7.346544153
85,138,Morocco,2015,MAR,6.36,116.0,3.0,4.426470588,7.294093257,8.0,4.0,5.930140961,4.508836652,4.278171468,6.108557287999999,6.666666667,7.5,5.089874603,7.644820475,7.996633052999999,7.334768713,0.7560975609999999,5.573495503999999,9.949685646,9.534683054,9.688418577,0.0,7.293196818999999,6.783111111,5.697045354,10.0,4.897330052,6.844371628999999,7.218666667000001,4.406210626,6.795812852999999,6.1402300489999995
86,139,Mozambique,2015,MOZ,5.63,145.0,4.0,3.429411765,9.022195761,6.0,6.0,6.112901881,3.245786538,3.025307596,4.402187238,6.666666667,5.0,0.0,7.468989819,2.916666667,3.904132267,0.9487179490000001,3.96561253,7.546001622,8.727103463999999,9.289848065,0.0,6.390738288,7.9436,5.516640578,10.0,2.220560615,6.420200297999999,6.666666667,3.171715942,5.871093167000001,5.236491925
87,140,Myanmar,2015,MMR,5.32,151.0,4.0,2.891176471,,7.0,9.0,6.297058824,2.6969544030000003,2.733533833,3.4096095060000002,2.5,5.0,1.870795505,6.717137502999999,3.0954840760000004,3.9392062919999997,0.926829268,3.4214836969999998,7.780655994,9.576853394,7.839313432000001,0.0,6.299205705,5.397333333,2.917753287,10.0,1.540364186,4.963862702,5.8913333329999995,5.591607048999999,5.351822712,5.611587697999999
88,141,Namibia,2015,NAM,6.61,98.0,3.0,3.7911764710000004,6.844743493999999,6.0,6.0,5.658979991,6.965990677000001,5.926712003,7.065214857999999,10.0,8.333333332999999,4.822626662,4.481024576,5.735930602000001,5.269777689,1.0,6.511178932999999,8.988546192000001,8.25079974,9.318845338,0.0,6.639547818,5.624444444,5.658683793,10.0,4.271419531,6.388636942000001,9.000666667,8.141456651,6.361462755,7.834528691
89,143,Nepal,2015,NPL,6.5,107.0,3.0,8.155882352999999,9.362132443,8.0,7.0,8.129503698999999,5.217656596,3.538971734,5.124292329,3.8,,3.371598438,8.327689873999999,4.666666587,5.124281633,0.837837838,4.499389677,8.024423757000001,9.159048809,8.426218209,0.0,6.402422694,6.259244444,6.152250112999999,10.0,4.6223397319999995,6.758458572,8.333333332999999,5.753633087000001,6.018609301000001,6.701858574
90,144,Netherlands,2015,NLD,7.73,17.0,1.0,1.111764706,3.514908674,8.0,3.0,3.906668345,8.970237933,7.4843753379999995,8.641074023,10.0,10.0,5.138718524,7.947613359,8.719806671,7.009039721000001,1.0,8.212318396,9.336906175,9.783976317,9.879950371,10.0,9.750208216,8.3604,8.201941134,10.0,7.890327297000001,8.613167107999999,9.108666667,7.330916939,8.118374876,8.185986161
91,146,New Zealand,2015,NZL,8.48,3.0,1.0,4.5420053330000005,6.286828583999999,8.0,7.0,6.457208479,9.466203615,7.6236631589999995,8.58496708,10.0,9.166666667000001,7.18406154,9.948229639,9.35185194,7.329859547000001,1.0,8.739500354,8.85966944,9.21794416,9.954032595,10.0,9.507911549,9.146666667,7.961236585,10.0,7.184420418999999,8.573080917999999,10.0,8.822825287,8.52206004,9.114961776
92,147,Nicaragua,2015,NIC,7.27,57.0,2.0,9.138235294,10.0,7.0,6.0,8.034558824,1.131150802,2.429279798,3.743634277,4.166666667,5.833333333,5.143385132,7.2980865139999995,4.498421223,6.789682547000001,0.951219512,4.448091089,7.341825932000001,9.048737441,9.200179635,10.0,8.897685752000001,8.4644,5.650321627,10.0,7.133768431,7.812122515,9.418333333,6.461241,5.547543987,7.142372773
93,148,Niger,2015,NER,5.74,141.0,4.0,5.885294117999999,9.839237057,4.0,5.0,6.181132794,,4.5,,3.333333333,3.333333333,3.161241355,6.380125552000001,,,0.648648649,3.414027157,8.057856972,9.265203583,9.798622983,0.0,6.780420884,6.134238742000001,4.3710213069999995,10.0,1.435558977,5.485204757000001,9.421754239,4.261926378,6.860156683,6.847945767000001
94,149,Nigeria,2015,NGA,6.39,113.0,3.0,9.697058823999999,9.867493736,2.0,7.0,7.14113814,4.69113865,3.69864114,4.991267181,3.333333333,3.333333333,3.116641187,5.233145079,3.317610025,3.480132541,0.846153846,3.6097684589999997,9.192074254,9.368716437,8.196463242,5.0,7.939313482999999,7.2896,3.173618626,8.446115288,4.801251658,5.927646393,8.898,8.924035208,4.102984018,7.308339742
95,152,Norway,2015,NOR,7.65,25.0,1.0,1.423529412,4.954059491000001,7.0,4.5,4.469397226,9.287559297,7.521424201,8.62226707,10.0,10.0,7.752899898,9.121524194,9.13793087,8.037261239,1.0,8.831207419,9.764042201,8.727608375,9.565270336000001,10.0,9.514230227999999,6.193333332999999,7.96303402,10.0,6.461681689,7.654512261,10.0,5.232641635,8.134576714,7.789072783
96,153,Oman,2015,OMN,6.64,95.0,3.0,0.0,8.134859664,0.0,10.0,4.533714916,6.091322633,5.576374065,7.414800677000001,8.333333332999999,8.333333332999999,5.137575707,8.711478488,8.759259383,8.800880734,0.609756098,6.006032048,8.630732241,4.751543304,9.986941972999999,10.0,8.342304379,8.078888889,6.541303081000001,10.0,5.978900058,7.649773007,6.666666667,5.985778319,7.339519694,6.663988226
97,154,Pakistan,2015,PAK,5.92,130.0,4.0,8.223529412000001,9.219277683,6.0,8.0,7.860701774,4.2819590430000005,3.285636691,4.140213086,2.5,5.0,3.754394327,5.562326345,3.520114819,3.097958161,0.692307692,3.304005361,8.290938322,7.747024352,9.492096818,0.0,6.382514873,7.146311111,3.8705107069999998,10.0,2.066268666,5.770772621,8.092666667,4.926560025,5.817375674,6.278867455
98,156,Panama,2015,PAN,7.57,30.0,1.0,6.579411765,8.555858311,8.0,6.5,7.408817518999999,3.107651273,3.4022906969999998,6.517225432,8.333333332999999,5.0,2.985719478,8.785860187,6.144067446,5.8610829110000005,0.9487179490000001,5.427962303999999,9.725460043,7.7130595689999994,9.974894771,10.0,9.353353596,7.8958483170000004,7.639302182000001,10.0,9.305096948,8.710061862,9.109666667,5.080735708,6.70173863,6.964047002
99,158,Paraguay,2015,PRY,6.91,78.0,2.0,7.155882352999999,8.850240164,8.0,8.5,8.126530629,1.9178872530000002,2.2878873719999997,4.613206319,2.5,3.333333333,4.074723631,8.506083724,2.9746834439999996,4.588048904,1.0,3.8662059980000003,8.844863152,8.676477152,9.374199451,10.0,9.223884939,7.948533332999999,5.662301511,10.0,5.621490122999999,7.308081242,8.116666667,4.247323896,5.739047847999999,6.034346137000001
100,159,Peru,2015,PER,7.47,38.0,1.0,6.817647059,9.659719031,7.0,5.5,7.244341522,3.550332595,2.665707943,5.009106292,7.5,5.0,5.084941294,8.792407873,2.596899271,3.013202573,1.0,4.80139976,9.507671038,9.461860802999999,9.288920751000001,10.0,9.564613148,9.173955556000001,5.649556686,10.0,8.077222382,8.225183656,9.321,6.904387395,6.376413717999999,7.533933704
101,160,Philippines,2015,PHL,7.43,43.0,2.0,7.961764706,9.185286104,10.0,7.0,8.536762702,4.602041495,3.4524398169999997,5.195815487,5.0,4.166666667,3.1164011780000003,7.925068367000001,4.083333413,4.529257069,0.897435897,4.434837234,8.772201339,9.29110523,9.713261649,10.0,9.444142054,8.3812,5.40981992,10.0,5.441241119,7.30806526,9.332,6.784629988,6.19925199,7.438627326000001
102,161,Poland,2015,POL,7.36,49.0,2.0,4.844117647,5.609294392000001,7.0,5.5,5.73835301,4.588303088,3.7291402839999996,5.38775003,10.0,7.5,4.123415198,9.277711792,5.146341324,6.710500091,0.846153846,5.7910935189999995,9.207020785,9.474462017,9.801739927,10.0,9.620805682,8.3604,7.948301486,10.0,5.494241883,7.950735842,8.843333333,7.727969879,6.512236231,7.6945131479999995
103,162,Portugal,2015,PRT,7.55,32.0,1.0,5.414705882000001,4.719198936000001,10.0,2.5,5.658476203999999,6.166737161,3.139729164,5.813640697,10.0,8.333333332999999,5.503705092000001,7.58150873,7.852713267,8.171872474,1.0,6.951471102,9.217343728,9.588301234,9.902545615,10.0,9.677047644,8.598177778,8.674181022,10.0,6.409750712999999,8.420527378,8.061666667,5.874749476,7.252318213,7.062911452000001
104,164,Qatar,2015,QAT,7.43,43.0,2.0,0.0,9.613647987,,10.0,6.537882662,7.646949274,7.36549018,7.938229455,6.666666667,8.333333332999999,4.85642951,9.655696541000001,8.79032294,8.947046262,0.615384615,6.300014732999999,9.338519265,4.520923609,9.623282134,10.0,8.370681252,8.530311111,6.854250873,10.0,4.866612368,7.562793588,10.0,6.50962124,8.565772507,8.358464582
105,167,Romania,2015,ROU,7.7,21.0,1.0,6.467647059,7.025733572,7.0,7.0,6.873345157999999,4.874044261,3.1525801060000003,4.9159869469999995,8.333333332999999,5.833333333,4.849985116,9.14292028,5.323129495,7.09903894,1.0,5.947150201,8.704467081,9.009324744,9.881336257000001,10.0,9.398782021,8.3604,8.087308897,10.0,7.461856912999999,8.477391452,9.800333333,7.272794358,6.313349634,7.7954924420000005
106,169,Rwanda,2015,RWA,7.56,31.0,1.0,7.188235294,9.45915826,0.0,6.5,5.786848387999999,7.475123299,7.193740785,7.842556768,6.1,,3.73125763,9.740338026,9.072463512,8.880176439,0.951219512,7.32142152,9.038228559,9.012915892999999,9.496382459,10.0,9.386881727999999,7.0194666670000005,5.140854726000001,10.0,5.774149005,6.983617599,8.160666667000001,8.592108892,8.255656664,8.336144074
107,178,Saudi Arabia,2015,SAU,6.24,121.0,4.0,0.0,,,10.0,5.0,7.179337776000001,5.942938917999999,7.136555245,8.333333332999999,8.333333332999999,4.460255988,9.943302288,8.074073792,7.907779135,0.41463414600000004,5.290017302,9.043082171,4.720254565,9.563072586,10.0,8.33160233,7.9702,3.735359662,10.0,2.176339306,5.970474742,5.171,7.329122418,7.255661458,6.585261292
108,179,Senegal,2015,SEN,6.15,123.0,4.0,6.573529412,9.730965269,6.0,5.0,6.82612367,4.411790606,5.470820953,5.292784668,4.166666667,5.0,2.788290415,5.305299518,6.786941687000001,6.104362267999999,0.682926829,4.237886203,8.905303797,9.380043765,9.970978508,0.0,7.064081517999999,7.285511111,5.346382288,10.0,3.7645758889999996,6.599117322000001,9.099,3.592250767,5.3885051829999995,6.026585317
109,180,Serbia,2015,SRB,6.76,89.0,3.0,6.517647059,3.689298472,8.0,7.5,6.426736383,2.984977365,2.84651353,3.654882272,6.666666667,5.833333333,3.1999457319999998,8.682724548,4.545454582,5.618686954,1.0,4.892576109,7.9804215439999995,8.680717297000001,9.721528356,5.0,7.845666799,8.315022222,7.388016303,10.0,4.569123973,7.568040625,8.052666667,6.875706052000001,6.240450892,7.056274537
110,181,Seychelles,2015,SYC,7.33,54.0,2.0,1.629411765,7.307387881,8.0,10.0,6.734199911,5.197458798,4.482801894,5.252647057,8.2,,4.064276714,7.075346502,5.19739749,5.270841579,0.974358974,5.520896302000001,8.528974123,9.584547208,9.1916819,10.0,9.326300808,8.172355556,5.511021837,9.026217228,7.963464225,7.668264711,8.0,7.173564164,7.013886416,7.39581686
111,182,Sierra Leone,2015,SLE,5.78,134.0,4.0,9.088235294,10.0,4.0,6.5,7.397058824,2.857661007,3.181647484,4.147474538,4.166666667,5.833333333,4.183306561,5.424432461,4.175438484,4.6911289389999995,0.846153846,3.965239946,8.043899453,6.827616534,8.403569335,5.0,7.068771331000001,7.9079999999999995,2.8441974930000002,10.0,2.5329367169999997,5.821283552000001,3.333333333,5.247460535,5.390780132000001,4.657191333
112,183,Singapore,2015,SGP,8.84,2.0,1.0,5.173529412,8.854173721,8.0,10.0,8.006925783,7.637824052999999,7.944701342999999,8.85014064,8.333333332999999,8.333333332999999,7.661021481000001,8.961690843,9.244604111000001,8.583335149,0.974358974,8.286821638,9.838383924,9.625363287999999,9.891666667,10.0,9.83885347,9.986666667,8.542249897,10.0,8.469574792000001,9.249622839,10.0,7.205215845,9.258680658,8.821298834
113,186,Slovenia,2015,SVN,7.08,72.0,2.0,4.188235294,4.98651143,7.0,2.0,4.5436866810000005,4.546901363,3.566920687,5.586832659,9.166666667000001,7.5,4.228332095,8.40706527,7.489712237999999,7.9200058129999995,0.9487179490000001,6.323853556,9.295205443,9.879037833,9.896374775,10.0,9.767654513,8.3604,8.002489202000001,10.0,5.128231287,7.872780122000001,7.9276666670000004,6.012097675,6.788362335,6.909375559
114,189,South Africa,2015,ZAF,6.84,82.0,3.0,4.252941176,7.990042722,8.0,4.0,6.060745975,8.034971362,7.42463452,7.390775958,8.333333332999999,3.333333333,3.925506183,7.165725505,3.863636255,2.394078108,1.0,5.762888284,8.786819147000001,9.536009362,9.082345792,5.0,8.101293575,7.349688888999999,4.9185046119999996,10.0,5.216712824,6.871226581,10.0,6.169831485,6.03279732,7.400876267999999
115,191,Spain,2015,ESP,7.53,34.0,1.0,4.379411765,4.560500555,10.0,4.0,5.73497808,5.008669216,4.189327678,6.092062111000001,8.333333332999999,8.333333332999999,5.496974992999999,7.758620983999999,8.649122715,7.3686169779999995,1.0,6.803340148999999,9.367740696,9.78319919,9.899761896000001,10.0,9.762675446,8.3604,7.8937560410000005,10.0,5.794359402,8.012128861,8.978666667,6.251012762,6.784251389,7.337976939
116,192,Sri Lanka,2015,LKA,6.63,96.0,3.0,8.414705882,9.091303542999999,7.0,8.5,8.251502356,5.654882391,5.035094549,5.592580636,5.0,5.833333333,3.6146434469999997,7.359711578,5.350000064,6.650833488,0.897435897,5.280256242,9.066783458,8.628601985,9.815595607999999,0.0,6.8777452629999996,6.0488,5.516190083,10.0,1.950419863,5.8788524870000005,7.541333333,6.394250191,6.67917592,6.8715864810000005
117,194,Sudan,2015,SDN,,,,,,,,,,,,,,,,,,,,,,,,,,,,,,,,,
118,195,Suriname,2015,SUR,6.85,81.0,3.0,1.732352941,8.584782918,10.0,5.0,6.329283965,4.231635431,5.1,5.564618707,5.0,5.0,2.745757539,3.493336875,8.009479537999999,7.078947226,0.974358974,5.070129201,9.61505847,7.214717428999999,8.62003907,10.0,8.862453742000001,7.479288888999999,6.6960796,10.0,4.643449254,7.204704436,7.988666667,7.288025439,5.001935179,6.759542428
119,196,Swaziland,2015,SWZ,6.44,112.0,3.0,5.308823529,9.875389038,0.0,7.0,5.546053142000001,3.10436513,3.864230514,5.855555534,5.1,,1.5912937440000001,7.269266227999999,5.9526745000000005,6.109002789,0.692307692,4.108752623,8.573461867999999,9.172703611000001,9.01,5.0,7.93904137,4.64,7.866116142,10.0,5.336093978,6.96055253,8.776,7.714038867,6.3854453829999995,7.625161417
120,197,Sweden,2015,SWE,7.65,25.0,1.0,1.020588235,4.641235241,8.0,1.0,3.6654558689999996,9.111156195,7.460412037,8.872760241,9.166666667000001,10.0,6.198300732000001,8.454247017,7.86163489,8.012150525,1.0,8.348592034,9.030865413999999,9.828933347000001,9.990643051000001,10.0,9.712610453,8.3604,8.496920014,10.0,6.244973745,8.27557344,9.902666667,6.7498593,8.080447788999999,8.244324585
121,198,Switzerland,2015,CHE,8.37,4.0,1.0,6.388235293999999,6.302265359,10.0,7.0,7.422625162999999,9.132183123999999,8.004069989,9.152544895,10.0,8.333333332999999,5.841066506000001,9.598998829,9.268292586,7.853049492,1.0,8.575948751,9.617803019,9.831811542999999,9.771216986,10.0,9.805207887,6.188888888999999,7.863679475,10.0,6.126286995,7.54471384,9.309666667,7.877945248,8.268634725,8.485415547
122,200,Tajikistan,2015,TJK,6.65,93.0,3.0,7.232352941,9.063487738,0.0,8.5,6.19896017,5.740432139,5.425497357999999,5.756878805,4.0,,5.674560361,8.413207872000001,6.3703703879999996,6.4624537129999995,0.7179487179999999,5.137031799,9.710741699,7.805832792,8.857088101,10.0,9.093415647999999,8.502755556,4.3297366880000006,10.0,2.609283255,6.3604438739999996,7.823666667,5.475993873999999,6.104035721,6.467898754
123,201,Thailand,2015,THA,6.8,87.0,3.0,4.394117647,9.223523916,6.0,7.0,6.654410391,5.038190512,4.625848953,5.008113964,3.333333333,4.166666667,5.963763608,7.454141419,6.013513406,4.949201062,0.846153846,4.774643377,9.603731799,9.392108123,9.820995711,5.0,8.454208908,6.952444444,6.69404523,10.0,4.6349945880000005,7.070371065,9.333333332999999,4.700706402,7.178443389,7.0708277079999995
124,203,Timor-Leste,2015,TLS,6.6,100.0,3.0,0.0,7.477157104,7.0,10.0,6.119289276,3.8501882660000004,3.216529876,2.997392829,5.7,,0.0,,4.292972477,4.733810622,1.0,3.5415562960000004,8.253625996,7.2728908379999995,9.873143316,10.0,8.849915037999999,9.622222222000001,4.667024356000001,,6.901727162999999,7.063657914,9.5,6.690521099,6.018857205,7.403126101000001
125,204,Togo,2015,TGO,5.69,144.0,4.0,6.923529412000001,8.447262339,2.0,7.0,6.092697938,,4.1,,4.166666667,5.0,3.900700062,1.9758566169999998,,,0.926829268,3.688572303,9.470967875,8.924391646,9.6420271,0.0,7.009346655,7.278844444,3.292319818,10.0,1.2143076940000002,5.446367989,7.63015091,4.1683920510000005,6.8570913120000005,6.218544757999999
126,208,Tunisia,2015,TUN,6.33,117.0,3.0,5.4117647060000005,6.411152109,7.0,5.5,6.080729204,4.713658464,4.334959168,5.868897437,6.666666667,8.333333332999999,4.881959393,7.25779119,5.494505564,5.10486594,0.804878049,5.279933807,9.538561695,9.666121005,9.028563543999999,0.0,7.058311561,6.965777778,5.862618877,9.243353783,5.172074995,6.810956357999999,7.2096666670000005,5.376736417999999,6.653778816,6.413393967
127,209,Turkey,2015,TUR,6.84,82.0,3.0,6.267647059,6.385131632,7.0,7.0,6.663194673,3.437319568,3.177842367,5.590815636,3.333333333,5.0,4.580553111,8.552860388,5.576922894,5.755081301000001,0.897435897,4.7440882,8.286272189,9.558567062,8.46582927,10.0,9.07766713,6.022933332999999,7.400738015,10.0,5.519882147000001,7.235888374,8.118666667000001,4.50502936,6.840021011,6.487905679
128,213,Uganda,2015,UGA,7.3,56.0,2.0,8.591176471,10.0,8.0,4.0,7.647794117999999,4.2573767469999995,4.373647675,5.394652449,3.333333333,5.833333333,4.869959497,8.351582808,4.982455969,4.390947487,0.923076923,4.891804412,9.052663719,6.389185467000001,8.954914552,10.0,8.599190934,6.948355556,4.340207025,10.0,8.489827828,7.444597602000001,9.111,8.582217484,6.094104659,7.929107381000001
129,214,Ukraine,2015,UKR,5.4,149.0,4.0,5.229411765,4.8698888380000005,10.0,6.5,6.649825151,2.103663069,2.7370593289999996,3.375205092,8.333333332999999,6.666666667,4.8026205,8.940766187000001,4.21383659,4.138819676000001,0.7179487179999999,4.324646752,8.06388382,4.693604099,0.255144033,0.0,3.2531579880000003,8.595333333,4.249618208,10.0,3.192050018,6.50925039,7.074666667000001,5.381367401,6.378131979,6.278055349
130,216,United Kingdom,2015,GBR,8.01,7.0,1.0,5.111764706000001,5.445781185,8.0,4.0,5.639386472999999,8.835478814,7.514916358,8.800588471000001,10.0,8.333333332999999,4.5037983310000005,8.015852455,8.428571224,6.86100485,1.0,7.921504871000001,9.696575001,9.681135398,9.989995832,10.0,9.841926557999999,8.3604,7.9298438120000005,10.0,7.384613909,8.41871443,8.182666667000001,8.396084947,8.162909798,8.247220471
131,220,Uruguay,2015,URY,7.15,67.0,2.0,6.694117647000001,5.899395252000001,7.0,8.0,6.898378225,7.6996949720000005,4.862176958,6.950943249,5.833333333,4.166666667,3.591065372,6.451671664,5.397727488999999,4.560828594,1.0,5.5015675889999995,8.377445295,9.671337094,8.266746026,10.0,9.078882104,7.720444444,5.800536524,10.0,7.830199084,7.837795012999999,7.22,5.631288897,6.440236832999999,6.430508577
132,228,Zambia,2015,ZMB,6.74,90.0,3.0,5.123529412,10.0,4.0,5.5,6.155882352999999,4.958075755,4.774845615,5.798246014,8.333333332999999,6.666666667,3.508418602,5.895293064,4.004629453,6.1639271220000005,1.0,5.567048402999999,8.085987046,8.797893332000001,7.979861028999999,10.0,8.715935352,5.394933332999999,3.232574412,10.0,8.831994118999999,6.864875466,7.468666667000001,5.6531563170000005,6.12245169,6.414758225
133,229,Zimbabwe,2015,ZWE,6.01,128.0,4.0,5.6,10.0,8.0,4.0,6.9,3.1922101780000003,3.414215555,2.636666536,3.333333333,5.0,2.374700829,6.821422047,4.166666667,6.309295177,0.846153846,3.820360033,9.369522372,8.830929798,9.520258007999999,5.0,8.180177544,4.945511111,3.6590453839999997,10.0,4.11431804,5.679718633999999,6.0,6.04838601,4.299266672,5.449217561
